<?xml version="1.0" encoding="UTF-8"?>
<project-private xmlns="http://www.netbeans.org/ns/project-private/1">
    <editor-bookmarks xmlns="http://www.netbeans.org/ns/editor-bookmarks/2" lastBookmarkId="0"/>
    <open-files xmlns="http://www.netbeans.org/ns/projectui-open-files/2">
        <group>
            <file>file:/C:/Users/Usert/Downloads/LMS-bago-20251007T142331Z-1-001/LMS-bago/src/jframe/Books.java</file>
            <file>file:/C:/Users/Usert/Downloads/LMS-bago-20251007T142331Z-1-001/LMS-bago/src/jframe/History.java</file>
            <file>file:/C:/Users/Usert/Downloads/LMS-bago-20251007T142331Z-1-001/LMS-bago/src/jframe/Home.java</file>
            <file>file:/C:/Users/Usert/Downloads/LMS-bago-20251007T142331Z-1-001/LMS-bago/src/jframe/LoginPage.java</file>
            <file>file:/C:/Users/Usert/Downloads/LMS-bago-20251007T142331Z-1-001/LMS-bago/src/jframe/Register.java</file>
            <file>file:/C:/Users/Usert/Downloads/LMS-bago-20251007T142331Z-1-001/LMS-bago/src/jframe/BorrowBooks.java</file>
            <file>file:/C:/Users/Usert/Downloads/LMS-bago-20251007T142331Z-1-001/LMS-bago/src/jframe/ReturnBooks.java</file>
            <file>file:/C:/Users/Usert/Downloads/LMS-bago-20251007T142331Z-1-001/LMS-bago/src/jframe/Students.java</file>
        </group>
    </open-files>
</project-private>
